[
    {
        "device_type": "cisco_ios",
        "ip": "198.51.100.1",
        "username": "lab",
        "password": "netman123",
        "R1_Cheng": {
            "bgp": {
                "RouterID": "198.51.100.1",
                "LocalAS": "100",
                "AdvPrefixes": [
                    "10.10.10.1",
                    "11.11.11.1"
                ]
            },
            "neighbor": {
                "ip": "198.51.100.3",
                "RemoteAS": "100"
            }
            
        }
    },
    {
        "device_type": "cisco_ios",
        "ip": "198.51.100.3",
        "username": "lab",
        "password": "netman123",
        "R2_Cheng": {
            "bgp": {
                "RouterID": "198.51.100.3",
                "LocalAS": "100",
                "AdvPrefixes": [
                    "20.20.20.1",
                    "22.22.22.1"
                ]
            },
            "neighbor": {
                "ip": "198.51.100.1",
                "RemoteAS": "100"
            }
            
        }
    } 
]
